timestamp,day,priceType,pnodeName,hour,lmp,mcc,mlc
2026-01-02 23:00:00,2026-01-02,ExPost,MEC.MECB,23,41.76,-3.08,0.38
2026-01-02 23:00:00,2026-01-02,ExPost,CWLP.AZ,23,38.35,-4.9,-4.76
2026-01-02 23:00:00,2026-01-02,ExPost,ILLINOIS.HUB,23,36.32,-1.63,-1.54
2026-01-02 23:00:00,2026-01-02,ExPost,PSI_GEN.AGG,23,33.87,0.76,0.44
2026-01-02 23:00:00,2026-01-02,ExPost,MINN.HUB,23,35.17,1.25,-0.33
2026-01-02 23:05:00,2026-01-02,ExPost,MEC.MECB,23,38.85,-0.26,-3.9
2026-01-02 23:05:00,2026-01-02,ExPost,CWLP.AZ,23,38.2,-1.1,-1.96
2026-01-02 23:05:00,2026-01-02,ExPost,ILLINOIS.HUB,23,34.3,1.45,-1.89
2026-01-02 23:05:00,2026-01-02,ExPost,PSI_GEN.AGG,23,34.93,-1.7,-0.17
2026-01-02 23:05:00,2026-01-02,ExPost,MINN.HUB,23,35.91,-0.17,-0.42
2026-01-02 23:10:00,2026-01-02,ExPost,MEC.MECB,23,46.35,-1.81,-2.78
2026-01-02 23:10:00,2026-01-02,ExPost,CWLP.AZ,23,33.97,0.23,1.32
2026-01-02 23:10:00,2026-01-02,ExPost,ILLINOIS.HUB,23,35.72,-2.68,-3.56
2026-01-02 23:10:00,2026-01-02,ExPost,PSI_GEN.AGG,23,37.63,0.49,-0.14
2026-01-02 23:10:00,2026-01-02,ExPost,MINN.HUB,23,33.34,-0.54,-1.21
2026-01-02 23:15:00,2026-01-02,ExPost,MEC.MECB,23,41.55,0.74,-0.94
2026-01-02 23:15:00,2026-01-02,ExPost,CWLP.AZ,23,37.7,-0.86,-0.78
2026-01-02 23:15:00,2026-01-02,ExPost,ILLINOIS.HUB,23,37.58,-3.91,-2.3
2026-01-02 23:15:00,2026-01-02,ExPost,PSI_GEN.AGG,23,34.82,-2.28,-2.19
2026-01-02 23:15:00,2026-01-02,ExPost,MINN.HUB,23,38.74,-2.73,0.92
2026-01-02 23:20:00,2026-01-02,ExPost,MEC.MECB,23,36.79,-1.67,-1.09
2026-01-02 23:20:00,2026-01-02,ExPost,CWLP.AZ,23,37.47,0.42,0.48
2026-01-02 23:20:00,2026-01-02,ExPost,ILLINOIS.HUB,23,35.13,-1.92,0.64
2026-01-02 23:20:00,2026-01-02,ExPost,PSI_GEN.AGG,23,35.52,-3.55,-4.33
2026-01-02 23:20:00,2026-01-02,ExPost,MINN.HUB,23,32.7,-0.01,-1.14
2026-01-02 23:25:00,2026-01-02,ExPost,MEC.MECB,23,42.73,-1.85,-1.1
2026-01-02 23:25:00,2026-01-02,ExPost,CWLP.AZ,23,37.56,-1.62,-0.36
2026-01-02 23:25:00,2026-01-02,ExPost,ILLINOIS.HUB,23,34.35,-1.73,-2.45
2026-01-02 23:25:00,2026-01-02,ExPost,PSI_GEN.AGG,23,33.01,-0.03,-2.67
2026-01-02 23:25:00,2026-01-02,ExPost,MINN.HUB,23,35.03,-0.04,-0.38
2026-01-02 23:30:00,2026-01-02,ExPost,MEC.MECB,23,42.66,-1.2,-2.56
2026-01-02 23:30:00,2026-01-02,ExPost,CWLP.AZ,23,35.8,-4.37,-5.12
2026-01-02 23:30:00,2026-01-02,ExPost,ILLINOIS.HUB,23,32.69,-2.99,-0.5
2026-01-02 23:30:00,2026-01-02,ExPost,PSI_GEN.AGG,23,33.74,-1.76,1.75
2026-01-02 23:30:00,2026-01-02,ExPost,MINN.HUB,23,34.11,0.48,-3.83
2026-01-02 23:35:00,2026-01-02,ExPost,MEC.MECB,23,40.49,-2.9,-2.35
2026-01-02 23:35:00,2026-01-02,ExPost,CWLP.AZ,23,38.1,-4.45,-0.41
2026-01-02 23:35:00,2026-01-02,ExPost,ILLINOIS.HUB,23,36.59,-2.19,-5.12
2026-01-02 23:35:00,2026-01-02,ExPost,PSI_GEN.AGG,23,36.18,-2.06,-0.92
2026-01-02 23:35:00,2026-01-02,ExPost,MINN.HUB,23,35.05,2.2,-2.1
2026-01-02 23:40:00,2026-01-02,ExPost,MEC.MECB,23,38.44,-0.64,-0.95
2026-01-02 23:40:00,2026-01-02,ExPost,CWLP.AZ,23,39.4,0.67,-0.61
2026-01-02 23:40:00,2026-01-02,ExPost,ILLINOIS.HUB,23,39.66,-3.38,-3.1
2026-01-02 23:40:00,2026-01-02,ExPost,PSI_GEN.AGG,23,33.68,-1.78,-4.94
2026-01-02 23:40:00,2026-01-02,ExPost,MINN.HUB,23,36.59,-1.44,-5.18
2026-01-02 23:45:00,2026-01-02,ExPost,MEC.MECB,23,38.46,-0.37,0.6
2026-01-02 23:45:00,2026-01-02,ExPost,CWLP.AZ,23,40.99,4.83,-0.46
2026-01-02 23:45:00,2026-01-02,ExPost,ILLINOIS.HUB,23,33.53,-5.26,-0.83
2026-01-02 23:45:00,2026-01-02,ExPost,PSI_GEN.AGG,23,33.97,-1.83,-3.03
2026-01-02 23:45:00,2026-01-02,ExPost,MINN.HUB,23,34.65,1.13,-1.11
2026-01-02 23:50:00,2026-01-02,ExPost,MEC.MECB,23,40.6,-3.07,-5.69
2026-01-02 23:50:00,2026-01-02,ExPost,CWLP.AZ,23,34.78,-1.11,2.92
2026-01-02 23:50:00,2026-01-02,ExPost,ILLINOIS.HUB,23,36.33,0.97,-2.75
2026-01-02 23:50:00,2026-01-02,ExPost,PSI_GEN.AGG,23,33.04,-2.93,-3.31
2026-01-02 23:50:00,2026-01-02,ExPost,MINN.HUB,23,40.32,-2.64,0.6
2026-01-02 23:55:00,2026-01-02,ExPost,MEC.MECB,23,38.74,0.86,-0.54
2026-01-02 23:55:00,2026-01-02,ExPost,CWLP.AZ,23,35.61,-1.08,-3.14
2026-01-02 23:55:00,2026-01-02,ExPost,ILLINOIS.HUB,23,37.12,-1.91,-4.56
2026-01-02 23:55:00,2026-01-02,ExPost,PSI_GEN.AGG,23,32.81,-0.65,2.45
2026-01-02 23:55:00,2026-01-02,ExPost,MINN.HUB,23,35.4,-1.24,-0.79
2026-01-03 00:00:00,2026-01-03,ExPost,MEC.MECB,0,44.27,-0.56,-2.53
2026-01-03 00:00:00,2026-01-03,ExPost,CWLP.AZ,0,38.77,-0.14,2.34
2026-01-03 00:00:00,2026-01-03,ExPost,ILLINOIS.HUB,0,36.46,-3.45,-4.92
2026-01-03 00:00:00,2026-01-03,ExPost,PSI_GEN.AGG,0,40.13,2.45,-1.95
2026-01-03 00:00:00,2026-01-03,ExPost,MINN.HUB,0,34.04,1.92,-4.27
2026-01-03 00:05:00,2026-01-03,ExPost,MEC.MECB,0,38.76,0.29,-2.49
2026-01-03 00:05:00,2026-01-03,ExPost,CWLP.AZ,0,35.99,-1.33,-0.66
2026-01-03 00:05:00,2026-01-03,ExPost,ILLINOIS.HUB,0,39.52,-0.82,0.11
2026-01-03 00:05:00,2026-01-03,ExPost,PSI_GEN.AGG,0,30.87,-1.1,-3.61
2026-01-03 00:05:00,2026-01-03,ExPost,MINN.HUB,0,31.95,-2.76,-2.34
2026-01-03 00:10:00,2026-01-03,ExPost,MEC.MECB,0,43.29,-3.65,-1.42
2026-01-03 00:10:00,2026-01-03,ExPost,CWLP.AZ,0,34.79,-1.66,1.01
2026-01-03 00:10:00,2026-01-03,ExPost,ILLINOIS.HUB,0,37.35,1.67,-1.89
2026-01-03 00:10:00,2026-01-03,ExPost,PSI_GEN.AGG,0,34.26,-1.45,-0.89
2026-01-03 00:10:00,2026-01-03,ExPost,MINN.HUB,0,35.44,-3.17,-1.27
2026-01-03 00:15:00,2026-01-03,ExPost,MEC.MECB,0,41.57,4.03,3.19
2026-01-03 00:15:00,2026-01-03,ExPost,CWLP.AZ,0,33.87,-1.57,-5.16
2026-01-03 00:15:00,2026-01-03,ExPost,ILLINOIS.HUB,0,34.52,-0.37,1.51
2026-01-03 00:15:00,2026-01-03,ExPost,PSI_GEN.AGG,0,34.18,-2.31,-6.87
2026-01-03 00:15:00,2026-01-03,ExPost,MINN.HUB,0,34.59,-3.12,-2.82
2026-01-03 00:20:00,2026-01-03,ExPost,MEC.MECB,0,38.81,-1.19,-5.89
2026-01-03 00:20:00,2026-01-03,ExPost,CWLP.AZ,0,32.33,3.26,-4.72
2026-01-03 00:20:00,2026-01-03,ExPost,ILLINOIS.HUB,0,33.26,2.67,5.76
2026-01-03 00:20:00,2026-01-03,ExPost,PSI_GEN.AGG,0,33.07,-1.74,-0.65
2026-01-03 00:20:00,2026-01-03,ExPost,MINN.HUB,0,39.32,-2.97,-2.11
2026-01-03 00:25:00,2026-01-03,ExPost,MEC.MECB,0,42.94,-0.13,-2.44
2026-01-03 00:25:00,2026-01-03,ExPost,CWLP.AZ,0,35.67,-3.75,-2.1
2026-01-03 00:25:00,2026-01-03,ExPost,ILLINOIS.HUB,0,35.33,-0.54,-2.89
2026-01-03 00:25:00,2026-01-03,ExPost,PSI_GEN.AGG,0,37.18,1.03,-1.11
2026-01-03 00:25:00,2026-01-03,ExPost,MINN.HUB,0,35.88,-0.89,-1.5
2026-01-03 00:30:00,2026-01-03,ExPost,MEC.MECB,0,39.2,-0.37,-1.74
2026-01-03 00:30:00,2026-01-03,ExPost,CWLP.AZ,0,41.23,2.15,-0.54
2026-01-03 00:30:00,2026-01-03,ExPost,ILLINOIS.HUB,0,34.09,-3.22,1.48
2026-01-03 00:30:00,2026-01-03,ExPost,PSI_GEN.AGG,0,36.66,-0.04,-5.86
2026-01-03 00:30:00,2026-01-03,ExPost,MINN.HUB,0,37.32,-0.09,-4.28
2026-01-03 00:35:00,2026-01-03,ExPost,MEC.MECB,0,39.82,-0.47,-1.37
2026-01-03 00:35:00,2026-01-03,ExPost,CWLP.AZ,0,35.27,-1.21,-2.13
2026-01-03 00:35:00,2026-01-03,ExPost,ILLINOIS.HUB,0,36.38,1.94,-7.92
2026-01-03 00:35:00,2026-01-03,ExPost,PSI_GEN.AGG,0,35.41,-0.65,-0.76
2026-01-03 00:35:00,2026-01-03,ExPost,MINN.HUB,0,34.07,-4.51,-0.68
2026-01-03 00:40:00,2026-01-03,ExPost,MEC.MECB,0,45.32,-4.07,0.66
2026-01-03 00:40:00,2026-01-03,ExPost,CWLP.AZ,0,35.18,-1.12,-4.13
2026-01-03 00:40:00,2026-01-03,ExPost,ILLINOIS.HUB,0,35.16,1.6,-0.04
2026-01-03 00:40:00,2026-01-03,ExPost,PSI_GEN.AGG,0,40.33,1.35,-0.4
2026-01-03 00:40:00,2026-01-03,ExPost,MINN.HUB,0,39.36,-0.12,0.57
2026-01-03 00:45:00,2026-01-03,ExPost,MEC.MECB,0,40.26,-0.87,-3.24
2026-01-03 00:45:00,2026-01-03,ExPost,CWLP.AZ,0,38.47,-3.36,0.46
2026-01-03 00:45:00,2026-01-03,ExPost,ILLINOIS.HUB,0,35.52,1.34,0.38
2026-01-03 00:45:00,2026-01-03,ExPost,PSI_GEN.AGG,0,40.55,0.46,-5.43
2026-01-03 00:45:00,2026-01-03,ExPost,MINN.HUB,0,34.83,-3.34,-2.8
2026-01-03 00:50:00,2026-01-03,ExPost,MEC.MECB,0,44.78,0.28,-3.25
2026-01-03 00:50:00,2026-01-03,ExPost,CWLP.AZ,0,33.47,-0.93,-4.54
2026-01-03 00:50:00,2026-01-03,ExPost,ILLINOIS.HUB,0,34.32,-0.38,1.39
2026-01-03 00:50:00,2026-01-03,ExPost,PSI_GEN.AGG,0,37.52,-5.58,-0.74
2026-01-03 00:50:00,2026-01-03,ExPost,MINN.HUB,0,35.18,-0.17,2.54
2026-01-03 00:55:00,2026-01-03,ExPost,MEC.MECB,0,35.84,-2.18,-0.02
2026-01-03 00:55:00,2026-01-03,ExPost,CWLP.AZ,0,32.05,1.95,-0.58
2026-01-03 00:55:00,2026-01-03,ExPost,ILLINOIS.HUB,0,38.12,-2.14,0.53
2026-01-03 00:55:00,2026-01-03,ExPost,PSI_GEN.AGG,0,38.67,-0.53,-0.91
2026-01-03 00:55:00,2026-01-03,ExPost,MINN.HUB,0,35.68,-2.73,-1.87
2026-01-03 01:00:00,2026-01-03,ExPost,MEC.MECB,1,40.62,-0.23,1.0
2026-01-03 01:00:00,2026-01-03,ExPost,CWLP.AZ,1,33.35,-1.25,2.2
2026-01-03 01:00:00,2026-01-03,ExPost,ILLINOIS.HUB,1,34.14,-2.64,-0.99
2026-01-03 01:00:00,2026-01-03,ExPost,PSI_GEN.AGG,1,38.11,-0.98,1.82
2026-01-03 01:00:00,2026-01-03,ExPost,MINN.HUB,1,37.14,0.68,-0.11
2026-01-03 01:05:00,2026-01-03,ExPost,MEC.MECB,1,46.82,-1.41,-6.51
2026-01-03 01:05:00,2026-01-03,ExPost,CWLP.AZ,1,40.01,-1.92,-1.23
2026-01-03 01:05:00,2026-01-03,ExPost,ILLINOIS.HUB,1,39.27,-4.2,-4.63
2026-01-03 01:05:00,2026-01-03,ExPost,PSI_GEN.AGG,1,32.0,-2.59,-0.4
2026-01-03 01:05:00,2026-01-03,ExPost,MINN.HUB,1,36.31,-0.45,-5.03
2026-01-03 01:10:00,2026-01-03,ExPost,MEC.MECB,1,35.22,-0.89,-2.68
2026-01-03 01:10:00,2026-01-03,ExPost,CWLP.AZ,1,37.15,0.4,-1.15
2026-01-03 01:10:00,2026-01-03,ExPost,ILLINOIS.HUB,1,37.9,-0.54,-0.17
2026-01-03 01:10:00,2026-01-03,ExPost,PSI_GEN.AGG,1,34.24,-1.36,-1.01
2026-01-03 01:10:00,2026-01-03,ExPost,MINN.HUB,1,37.05,-1.79,-0.2
2026-01-03 01:15:00,2026-01-03,ExPost,MEC.MECB,1,40.34,-1.24,0.57
2026-01-03 01:15:00,2026-01-03,ExPost,CWLP.AZ,1,31.02,-3.59,-5.21
2026-01-03 01:15:00,2026-01-03,ExPost,ILLINOIS.HUB,1,30.17,-2.36,0.37
2026-01-03 01:15:00,2026-01-03,ExPost,PSI_GEN.AGG,1,35.29,-0.6,1.22
2026-01-03 01:15:00,2026-01-03,ExPost,MINN.HUB,1,38.32,-1.14,1.88
2026-01-03 01:20:00,2026-01-03,ExPost,MEC.MECB,1,41.23,-2.67,-2.99
2026-01-03 01:20:00,2026-01-03,ExPost,CWLP.AZ,1,32.3,-2.78,-2.4
2026-01-03 01:20:00,2026-01-03,ExPost,ILLINOIS.HUB,1,38.01,2.44,-4.96
2026-01-03 01:20:00,2026-01-03,ExPost,PSI_GEN.AGG,1,36.98,-3.08,-0.31
2026-01-03 01:20:00,2026-01-03,ExPost,MINN.HUB,1,34.67,-4.66,0.82
2026-01-03 01:25:00,2026-01-03,ExPost,MEC.MECB,1,39.49,-2.07,-4.17
2026-01-03 01:25:00,2026-01-03,ExPost,CWLP.AZ,1,34.36,-0.14,-1.97
2026-01-03 01:25:00,2026-01-03,ExPost,ILLINOIS.HUB,1,36.82,-0.28,1.8
2026-01-03 01:25:00,2026-01-03,ExPost,PSI_GEN.AGG,1,35.14,-3.95,1.17
2026-01-03 01:25:00,2026-01-03,ExPost,MINN.HUB,1,34.17,1.23,-0.54
2026-01-03 01:30:00,2026-01-03,ExPost,MEC.MECB,1,40.67,-0.3,3.38
2026-01-03 01:30:00,2026-01-03,ExPost,CWLP.AZ,1,41.19,-0.86,-1.1
2026-01-03 01:30:00,2026-01-03,ExPost,ILLINOIS.HUB,1,38.69,-2.69,-0.67
2026-01-03 01:30:00,2026-01-03,ExPost,PSI_GEN.AGG,1,35.94,-0.37,-3.58
2026-01-03 01:30:00,2026-01-03,ExPost,MINN.HUB,1,31.03,-5.15,-4.29
2026-01-03 01:35:00,2026-01-03,ExPost,MEC.MECB,1,39.85,-1.59,3.34
2026-01-03 01:35:00,2026-01-03,ExPost,CWLP.AZ,1,38.76,-2.92,-0.63
2026-01-03 01:35:00,2026-01-03,ExPost,ILLINOIS.HUB,1,34.98,-1.57,-1.04
2026-01-03 01:35:00,2026-01-03,ExPost,PSI_GEN.AGG,1,37.55,-1.68,1.16
2026-01-03 01:35:00,2026-01-03,ExPost,MINN.HUB,1,32.15,-0.99,4.99
2026-01-03 01:40:00,2026-01-03,ExPost,MEC.MECB,1,41.56,1.87,-1.27
2026-01-03 01:40:00,2026-01-03,ExPost,CWLP.AZ,1,37.45,-1.11,-1.93
2026-01-03 01:40:00,2026-01-03,ExPost,ILLINOIS.HUB,1,34.05,-0.14,-3.63
2026-01-03 01:40:00,2026-01-03,ExPost,PSI_GEN.AGG,1,37.66,1.17,-0.58
2026-01-03 01:40:00,2026-01-03,ExPost,MINN.HUB,1,34.28,-0.09,-2.27
2026-01-03 01:45:00,2026-01-03,ExPost,MEC.MECB,1,43.34,-4.66,-2.34
2026-01-03 01:45:00,2026-01-03,ExPost,CWLP.AZ,1,31.02,-3.99,1.91
2026-01-03 01:45:00,2026-01-03,ExPost,ILLINOIS.HUB,1,38.24,-2.44,-5.26
2026-01-03 01:45:00,2026-01-03,ExPost,PSI_GEN.AGG,1,28.59,-2.09,4.55
2026-01-03 01:45:00,2026-01-03,ExPost,MINN.HUB,1,36.09,-2.12,-0.34
2026-01-03 01:50:00,2026-01-03,ExPost,MEC.MECB,1,37.1,-1.59,-1.25
2026-01-03 01:50:00,2026-01-03,ExPost,CWLP.AZ,1,35.78,0.58,-0.64
2026-01-03 01:50:00,2026-01-03,ExPost,ILLINOIS.HUB,1,37.67,-2.38,0.74
2026-01-03 01:50:00,2026-01-03,ExPost,PSI_GEN.AGG,1,40.07,-2.94,-3.72
2026-01-03 01:50:00,2026-01-03,ExPost,MINN.HUB,1,38.34,-1.38,2.01
2026-01-03 01:55:00,2026-01-03,ExPost,MEC.MECB,1,39.89,1.91,-1.17
2026-01-03 01:55:00,2026-01-03,ExPost,CWLP.AZ,1,36.65,2.13,-2.4
2026-01-03 01:55:00,2026-01-03,ExPost,ILLINOIS.HUB,1,33.65,-1.9,-0.37
2026-01-03 01:55:00,2026-01-03,ExPost,PSI_GEN.AGG,1,32.09,0.27,-2.85
2026-01-03 01:55:00,2026-01-03,ExPost,MINN.HUB,1,37.87,-5.79,-3.47
2026-01-03 02:00:00,2026-01-03,ExPost,MEC.MECB,2,36.78,-2.65,-0.88
2026-01-03 02:00:00,2026-01-03,ExPost,CWLP.AZ,2,35.55,-1.51,-1.9
2026-01-03 02:00:00,2026-01-03,ExPost,ILLINOIS.HUB,2,36.51,-3.02,0.27
2026-01-03 02:00:00,2026-01-03,ExPost,PSI_GEN.AGG,2,37.66,-0.23,-0.11
2026-01-03 02:00:00,2026-01-03,ExPost,MINN.HUB,2,35.74,3.07,-1.72
2026-01-03 02:05:00,2026-01-03,ExPost,MEC.MECB,2,40.23,-2.51,-4.08
2026-01-03 02:05:00,2026-01-03,ExPost,CWLP.AZ,2,32.89,-2.78,-1.68
2026-01-03 02:05:00,2026-01-03,ExPost,ILLINOIS.HUB,2,36.84,-0.9,-3.41
2026-01-03 02:05:00,2026-01-03,ExPost,PSI_GEN.AGG,2,38.25,0.48,-1.9
2026-01-03 02:05:00,2026-01-03,ExPost,MINN.HUB,2,33.37,0.1,-1.03
2026-01-03 02:10:00,2026-01-03,ExPost,MEC.MECB,2,37.38,-1.14,-0.84
2026-01-03 02:10:00,2026-01-03,ExPost,CWLP.AZ,2,33.75,-0.62,-5.14
2026-01-03 02:10:00,2026-01-03,ExPost,ILLINOIS.HUB,2,39.34,1.5,-2.13
2026-01-03 02:10:00,2026-01-03,ExPost,PSI_GEN.AGG,2,36.91,-5.82,-4.39
2026-01-03 02:10:00,2026-01-03,ExPost,MINN.HUB,2,34.27,-3.14,0.29
2026-01-03 02:15:00,2026-01-03,ExPost,MEC.MECB,2,45.99,-3.35,-3.59
2026-01-03 02:15:00,2026-01-03,ExPost,CWLP.AZ,2,36.59,2.22,-4.56
2026-01-03 02:15:00,2026-01-03,ExPost,ILLINOIS.HUB,2,36.62,2.64,-5.63
2026-01-03 02:15:00,2026-01-03,ExPost,PSI_GEN.AGG,2,32.8,-1.85,-2.8
2026-01-03 02:15:00,2026-01-03,ExPost,MINN.HUB,2,37.03,-0.52,-5.94
2026-01-03 02:20:00,2026-01-03,ExPost,MEC.MECB,2,42.29,-2.16,1.69
2026-01-03 02:20:00,2026-01-03,ExPost,CWLP.AZ,2,34.43,-2.27,-0.15
2026-01-03 02:20:00,2026-01-03,ExPost,ILLINOIS.HUB,2,37.91,-0.1,-5.71
2026-01-03 02:20:00,2026-01-03,ExPost,PSI_GEN.AGG,2,37.35,-3.07,-0.91
2026-01-03 02:20:00,2026-01-03,ExPost,MINN.HUB,2,31.44,-0.11,-3.52
2026-01-03 02:25:00,2026-01-03,ExPost,MEC.MECB,2,37.79,0.43,-0.9
2026-01-03 02:25:00,2026-01-03,ExPost,CWLP.AZ,2,34.47,1.9,-2.6
2026-01-03 02:25:00,2026-01-03,ExPost,ILLINOIS.HUB,2,36.08,-0.46,-3.05
2026-01-03 02:25:00,2026-01-03,ExPost,PSI_GEN.AGG,2,37.18,-2.07,-2.53
2026-01-03 02:25:00,2026-01-03,ExPost,MINN.HUB,2,38.41,-3.08,-7.53
2026-01-03 02:30:00,2026-01-03,ExPost,MEC.MECB,2,45.03,4.1,-2.51
2026-01-03 02:30:00,2026-01-03,ExPost,CWLP.AZ,2,31.16,-1.62,-2.22
2026-01-03 02:30:00,2026-01-03,ExPost,ILLINOIS.HUB,2,35.53,-3.23,-0.05
2026-01-03 02:30:00,2026-01-03,ExPost,PSI_GEN.AGG,2,37.31,-3.99,0.25
2026-01-03 02:30:00,2026-01-03,ExPost,MINN.HUB,2,40.13,-0.66,-2.34
2026-01-03 02:35:00,2026-01-03,ExPost,MEC.MECB,2,40.64,0.23,-5.83
2026-01-03 02:35:00,2026-01-03,ExPost,CWLP.AZ,2,36.41,-1.78,3.12
2026-01-03 02:35:00,2026-01-03,ExPost,ILLINOIS.HUB,2,35.56,2.34,-4.26
2026-01-03 02:35:00,2026-01-03,ExPost,PSI_GEN.AGG,2,37.47,-0.36,-3.67
2026-01-03 02:35:00,2026-01-03,ExPost,MINN.HUB,2,35.44,1.43,-2.31
2026-01-03 02:40:00,2026-01-03,ExPost,MEC.MECB,2,36.77,-1.04,-3.76
2026-01-03 02:40:00,2026-01-03,ExPost,CWLP.AZ,2,35.14,-1.16,-5.76
2026-01-03 02:40:00,2026-01-03,ExPost,ILLINOIS.HUB,2,31.96,-0.04,-2.81
2026-01-03 02:40:00,2026-01-03,ExPost,PSI_GEN.AGG,2,29.59,0.57,-0.82
2026-01-03 02:40:00,2026-01-03,ExPost,MINN.HUB,2,33.22,-3.63,0.59
2026-01-03 02:45:00,2026-01-03,ExPost,MEC.MECB,2,41.87,3.77,-0.45
2026-01-03 02:45:00,2026-01-03,ExPost,CWLP.AZ,2,36.97,-1.33,0.54
2026-01-03 02:45:00,2026-01-03,ExPost,ILLINOIS.HUB,2,37.56,1.5,-2.8
2026-01-03 02:45:00,2026-01-03,ExPost,PSI_GEN.AGG,2,34.91,-1.96,0.48
2026-01-03 02:45:00,2026-01-03,ExPost,MINN.HUB,2,38.75,-1.92,-2.56
2026-01-03 02:50:00,2026-01-03,ExPost,MEC.MECB,2,41.79,-1.49,0.88
2026-01-03 02:50:00,2026-01-03,ExPost,CWLP.AZ,2,30.37,-2.65,-3.46
2026-01-03 02:50:00,2026-01-03,ExPost,ILLINOIS.HUB,2,30.2,-2.93,-3.79
2026-01-03 02:50:00,2026-01-03,ExPost,PSI_GEN.AGG,2,35.5,1.23,-2.11
2026-01-03 02:50:00,2026-01-03,ExPost,MINN.HUB,2,32.42,-1.11,1.12
2026-01-03 02:55:00,2026-01-03,ExPost,MEC.MECB,2,38.56,-2.82,-0.1
2026-01-03 02:55:00,2026-01-03,ExPost,CWLP.AZ,2,35.45,0.29,-1.53
2026-01-03 02:55:00,2026-01-03,ExPost,ILLINOIS.HUB,2,37.75,-3.07,-1.53
2026-01-03 02:55:00,2026-01-03,ExPost,PSI_GEN.AGG,2,35.47,-3.43,-5.41
2026-01-03 02:55:00,2026-01-03,ExPost,MINN.HUB,2,36.71,-1.7,-4.06
2026-01-03 03:00:00,2026-01-03,ExPost,MEC.MECB,3,40.76,1.26,-7.2
2026-01-03 03:00:00,2026-01-03,ExPost,CWLP.AZ,3,32.26,-2.85,2.15
2026-01-03 03:00:00,2026-01-03,ExPost,ILLINOIS.HUB,3,36.71,0.53,-4.35
2026-01-03 03:00:00,2026-01-03,ExPost,PSI_GEN.AGG,3,33.2,-0.1,-1.35
2026-01-03 03:00:00,2026-01-03,ExPost,MINN.HUB,3,36.37,-1.38,-0.8
2026-01-03 03:05:00,2026-01-03,ExPost,MEC.MECB,3,41.4,0.56,0.52
2026-01-03 03:05:00,2026-01-03,ExPost,CWLP.AZ,3,31.95,-5.49,1.0
2026-01-03 03:05:00,2026-01-03,ExPost,ILLINOIS.HUB,3,38.97,-3.04,-6.15
2026-01-03 03:05:00,2026-01-03,ExPost,PSI_GEN.AGG,3,36.25,0.86,2.99
2026-01-03 03:05:00,2026-01-03,ExPost,MINN.HUB,3,36.29,-1.74,-3.73
2026-01-03 03:10:00,2026-01-03,ExPost,MEC.MECB,3,41.03,-1.6,-4.04
2026-01-03 03:10:00,2026-01-03,ExPost,CWLP.AZ,3,41.12,2.57,1.34
2026-01-03 03:10:00,2026-01-03,ExPost,ILLINOIS.HUB,3,33.7,0.71,0.1
2026-01-03 03:10:00,2026-01-03,ExPost,PSI_GEN.AGG,3,37.11,1.5,0.09
2026-01-03 03:10:00,2026-01-03,ExPost,MINN.HUB,3,36.85,0.27,-0.65
2026-01-03 03:15:00,2026-01-03,ExPost,MEC.MECB,3,36.54,-0.83,-2.89
2026-01-03 03:15:00,2026-01-03,ExPost,CWLP.AZ,3,32.8,2.36,2.82
2026-01-03 03:15:00,2026-01-03,ExPost,ILLINOIS.HUB,3,39.4,-0.49,1.88
2026-01-03 03:15:00,2026-01-03,ExPost,PSI_GEN.AGG,3,36.03,-0.59,-4.23
2026-01-03 03:15:00,2026-01-03,ExPost,MINN.HUB,3,35.99,-0.88,-4.76
2026-01-03 03:20:00,2026-01-03,ExPost,MEC.MECB,3,40.87,-1.16,2.99
2026-01-03 03:20:00,2026-01-03,ExPost,CWLP.AZ,3,38.24,-0.98,-0.88
2026-01-03 03:20:00,2026-01-03,ExPost,ILLINOIS.HUB,3,36.11,-1.41,-4.21
2026-01-03 03:20:00,2026-01-03,ExPost,PSI_GEN.AGG,3,35.62,-2.49,-4.63
2026-01-03 03:20:00,2026-01-03,ExPost,MINN.HUB,3,36.28,-0.22,-5.97
2026-01-03 03:25:00,2026-01-03,ExPost,MEC.MECB,3,40.69,0.99,1.15
2026-01-03 03:25:00,2026-01-03,ExPost,CWLP.AZ,3,38.56,-0.92,-3.61
2026-01-03 03:25:00,2026-01-03,ExPost,ILLINOIS.HUB,3,33.29,-0.31,-0.55
2026-01-03 03:25:00,2026-01-03,ExPost,PSI_GEN.AGG,3,39.22,1.2,-1.83
2026-01-03 03:25:00,2026-01-03,ExPost,MINN.HUB,3,31.89,-1.64,-0.96
2026-01-03 03:30:00,2026-01-03,ExPost,MEC.MECB,3,40.49,-2.16,-0.87
2026-01-03 03:30:00,2026-01-03,ExPost,CWLP.AZ,3,34.74,-2.26,-0.72
2026-01-03 03:30:00,2026-01-03,ExPost,ILLINOIS.HUB,3,35.0,-0.51,-0.82
2026-01-03 03:30:00,2026-01-03,ExPost,PSI_GEN.AGG,3,33.15,-1.96,2.09
2026-01-03 03:30:00,2026-01-03,ExPost,MINN.HUB,3,32.09,-5.23,-6.15
2026-01-03 03:35:00,2026-01-03,ExPost,MEC.MECB,3,41.07,-0.94,-1.79
2026-01-03 03:35:00,2026-01-03,ExPost,CWLP.AZ,3,39.04,-6.35,-0.51
2026-01-03 03:35:00,2026-01-03,ExPost,ILLINOIS.HUB,3,39.9,-3.26,-2.45
2026-01-03 03:35:00,2026-01-03,ExPost,PSI_GEN.AGG,3,34.12,-2.79,-2.32
2026-01-03 03:35:00,2026-01-03,ExPost,MINN.HUB,3,38.57,2.67,-2.34
2026-01-03 03:40:00,2026-01-03,ExPost,MEC.MECB,3,45.76,-0.93,2.88
2026-01-03 03:40:00,2026-01-03,ExPost,CWLP.AZ,3,35.77,-0.74,-0.59
2026-01-03 03:40:00,2026-01-03,ExPost,ILLINOIS.HUB,3,43.95,0.7,-3.27
2026-01-03 03:40:00,2026-01-03,ExPost,PSI_GEN.AGG,3,38.42,-1.72,-2.72
2026-01-03 03:40:00,2026-01-03,ExPost,MINN.HUB,3,37.27,-0.94,-0.8
2026-01-03 03:45:00,2026-01-03,ExPost,MEC.MECB,3,41.03,-0.33,-0.44
2026-01-03 03:45:00,2026-01-03,ExPost,CWLP.AZ,3,31.16,0.33,-3.96
2026-01-03 03:45:00,2026-01-03,ExPost,ILLINOIS.HUB,3,32.39,-1.12,-1.29
2026-01-03 03:45:00,2026-01-03,ExPost,PSI_GEN.AGG,3,34.27,0.66,-4.86
2026-01-03 03:45:00,2026-01-03,ExPost,MINN.HUB,3,33.98,-2.17,-1.62
2026-01-03 03:50:00,2026-01-03,ExPost,MEC.MECB,3,41.7,-3.02,0.31
2026-01-03 03:50:00,2026-01-03,ExPost,CWLP.AZ,3,36.16,-4.78,-6.4
2026-01-03 03:50:00,2026-01-03,ExPost,ILLINOIS.HUB,3,35.97,-1.44,-1.76
2026-01-03 03:50:00,2026-01-03,ExPost,PSI_GEN.AGG,3,35.93,-0.55,0.87
2026-01-03 03:50:00,2026-01-03,ExPost,MINN.HUB,3,32.22,-3.34,-4.23
2026-01-03 03:55:00,2026-01-03,ExPost,MEC.MECB,3,41.72,1.49,-2.58
2026-01-03 03:55:00,2026-01-03,ExPost,CWLP.AZ,3,29.75,-4.41,-3.58
2026-01-03 03:55:00,2026-01-03,ExPost,ILLINOIS.HUB,3,34.61,-1.82,-1.4
2026-01-03 03:55:00,2026-01-03,ExPost,PSI_GEN.AGG,3,35.22,1.1,-3.19
2026-01-03 03:55:00,2026-01-03,ExPost,MINN.HUB,3,32.84,-0.04,-5.34
2026-01-03 04:00:00,2026-01-03,ExPost,MEC.MECB,4,41.97,-0.79,-1.87
2026-01-03 04:00:00,2026-01-03,ExPost,CWLP.AZ,4,39.97,-2.24,3.65
2026-01-03 04:00:00,2026-01-03,ExPost,ILLINOIS.HUB,4,35.44,-3.55,-1.33
2026-01-03 04:00:00,2026-01-03,ExPost,PSI_GEN.AGG,4,33.31,-2.5,-0.51
2026-01-03 04:00:00,2026-01-03,ExPost,MINN.HUB,4,36.39,-2.24,0.97
2026-01-03 04:05:00,2026-01-03,ExPost,MEC.MECB,4,43.89,1.87,-0.18
2026-01-03 04:05:00,2026-01-03,ExPost,CWLP.AZ,4,39.41,-4.76,-2.29
2026-01-03 04:05:00,2026-01-03,ExPost,ILLINOIS.HUB,4,33.83,-0.76,-2.93
2026-01-03 04:05:00,2026-01-03,ExPost,PSI_GEN.AGG,4,35.58,2.76,-1.92
2026-01-03 04:05:00,2026-01-03,ExPost,MINN.HUB,4,36.03,-1.46,-1.31
2026-01-03 04:10:00,2026-01-03,ExPost,MEC.MECB,4,41.02,-0.1,1.41
2026-01-03 04:10:00,2026-01-03,ExPost,CWLP.AZ,4,40.12,-0.38,-0.03
2026-01-03 04:10:00,2026-01-03,ExPost,ILLINOIS.HUB,4,33.12,-1.18,0.85
2026-01-03 04:10:00,2026-01-03,ExPost,PSI_GEN.AGG,4,38.16,-0.58,0.72
2026-01-03 04:10:00,2026-01-03,ExPost,MINN.HUB,4,36.23,1.4,-0.78
2026-01-03 04:15:00,2026-01-03,ExPost,MEC.MECB,4,40.11,-0.33,-8.83
2026-01-03 04:15:00,2026-01-03,ExPost,CWLP.AZ,4,36.96,-8.3,-5.81
2026-01-03 04:15:00,2026-01-03,ExPost,ILLINOIS.HUB,4,37.13,-0.04,-4.41
2026-01-03 04:15:00,2026-01-03,ExPost,PSI_GEN.AGG,4,34.22,1.74,-2.71
2026-01-03 04:15:00,2026-01-03,ExPost,MINN.HUB,4,40.61,-1.0,-0.48
2026-01-03 04:20:00,2026-01-03,ExPost,MEC.MECB,4,45.04,-0.74,-4.01
2026-01-03 04:20:00,2026-01-03,ExPost,CWLP.AZ,4,35.73,-1.07,-4.91
2026-01-03 04:20:00,2026-01-03,ExPost,ILLINOIS.HUB,4,35.36,-2.48,0.81
2026-01-03 04:20:00,2026-01-03,ExPost,PSI_GEN.AGG,4,36.09,-1.57,-1.77
2026-01-03 04:20:00,2026-01-03,ExPost,MINN.HUB,4,35.56,0.23,-4.0
2026-01-03 04:25:00,2026-01-03,ExPost,MEC.MECB,4,38.4,1.21,-2.53
2026-01-03 04:25:00,2026-01-03,ExPost,CWLP.AZ,4,32.46,-0.11,-0.34
2026-01-03 04:25:00,2026-01-03,ExPost,ILLINOIS.HUB,4,32.17,-0.54,0.34
2026-01-03 04:25:00,2026-01-03,ExPost,PSI_GEN.AGG,4,36.94,0.26,-5.01
2026-01-03 04:25:00,2026-01-03,ExPost,MINN.HUB,4,35.83,-1.61,-2.71
2026-01-03 04:30:00,2026-01-03,ExPost,MEC.MECB,4,43.18,1.96,2.99
2026-01-03 04:30:00,2026-01-03,ExPost,CWLP.AZ,4,39.29,-1.22,-0.62
2026-01-03 04:30:00,2026-01-03,ExPost,ILLINOIS.HUB,4,37.92,-0.76,-1.17
2026-01-03 04:30:00,2026-01-03,ExPost,PSI_GEN.AGG,4,38.06,-1.12,-3.32
2026-01-03 04:30:00,2026-01-03,ExPost,MINN.HUB,4,33.96,0.27,-1.49
2026-01-03 04:35:00,2026-01-03,ExPost,MEC.MECB,4,41.85,0.34,-2.44
2026-01-03 04:35:00,2026-01-03,ExPost,CWLP.AZ,4,37.89,-0.24,-4.59
2026-01-03 04:35:00,2026-01-03,ExPost,ILLINOIS.HUB,4,39.61,-2.0,-5.64
2026-01-03 04:35:00,2026-01-03,ExPost,PSI_GEN.AGG,4,33.39,-3.04,-1.37
2026-01-03 04:35:00,2026-01-03,ExPost,MINN.HUB,4,34.32,-1.67,0.05
2026-01-03 04:40:00,2026-01-03,ExPost,MEC.MECB,4,41.85,-0.37,-0.48
2026-01-03 04:40:00,2026-01-03,ExPost,CWLP.AZ,4,37.54,-5.22,-2.41
2026-01-03 04:40:00,2026-01-03,ExPost,ILLINOIS.HUB,4,30.55,-0.93,-1.51
2026-01-03 04:40:00,2026-01-03,ExPost,PSI_GEN.AGG,4,38.61,1.38,-0.99
2026-01-03 04:40:00,2026-01-03,ExPost,MINN.HUB,4,33.75,-0.03,-2.82
2026-01-03 04:45:00,2026-01-03,ExPost,MEC.MECB,4,41.0,0.97,-2.89
2026-01-03 04:45:00,2026-01-03,ExPost,CWLP.AZ,4,38.01,0.35,-3.89
2026-01-03 04:45:00,2026-01-03,ExPost,ILLINOIS.HUB,4,38.43,0.4,-1.25
2026-01-03 04:45:00,2026-01-03,ExPost,PSI_GEN.AGG,4,34.09,-2.72,-2.84
2026-01-03 04:45:00,2026-01-03,ExPost,MINN.HUB,4,36.36,-2.91,-0.41
2026-01-03 04:50:00,2026-01-03,ExPost,MEC.MECB,4,37.9,-1.41,-1.23
2026-01-03 04:50:00,2026-01-03,ExPost,CWLP.AZ,4,42.11,-3.75,2.18
2026-01-03 04:50:00,2026-01-03,ExPost,ILLINOIS.HUB,4,36.37,-0.18,-1.2
2026-01-03 04:50:00,2026-01-03,ExPost,PSI_GEN.AGG,4,37.11,-1.31,2.14
2026-01-03 04:50:00,2026-01-03,ExPost,MINN.HUB,4,33.86,1.26,-3.11
2026-01-03 04:55:00,2026-01-03,ExPost,MEC.MECB,4,40.85,-3.14,-0.36
2026-01-03 04:55:00,2026-01-03,ExPost,CWLP.AZ,4,39.61,-1.15,-1.99
2026-01-03 04:55:00,2026-01-03,ExPost,ILLINOIS.HUB,4,33.21,-1.46,-5.48
2026-01-03 04:55:00,2026-01-03,ExPost,PSI_GEN.AGG,4,33.72,-0.55,1.8
2026-01-03 04:55:00,2026-01-03,ExPost,MINN.HUB,4,42.02,-2.17,2.09
2026-01-03 05:00:00,2026-01-03,ExPost,MEC.MECB,5,41.61,-1.3,-0.42
2026-01-03 05:00:00,2026-01-03,ExPost,CWLP.AZ,5,36.15,-0.78,-2.52
2026-01-03 05:00:00,2026-01-03,ExPost,ILLINOIS.HUB,5,32.5,-4.09,0.13
2026-01-03 05:00:00,2026-01-03,ExPost,PSI_GEN.AGG,5,35.31,-2.19,-1.48
2026-01-03 05:00:00,2026-01-03,ExPost,MINN.HUB,5,36.99,-0.64,-3.14
2026-01-03 05:05:00,2026-01-03,ExPost,MEC.MECB,5,44.07,2.16,-0.26
2026-01-03 05:05:00,2026-01-03,ExPost,CWLP.AZ,5,38.43,1.48,1.33
2026-01-03 05:05:00,2026-01-03,ExPost,ILLINOIS.HUB,5,37.54,0.2,-0.2
2026-01-03 05:05:00,2026-01-03,ExPost,PSI_GEN.AGG,5,33.26,0.4,-4.89
2026-01-03 05:05:00,2026-01-03,ExPost,MINN.HUB,5,33.01,1.61,0.6
2026-01-03 05:10:00,2026-01-03,ExPost,MEC.MECB,5,44.72,-1.54,-4.38
2026-01-03 05:10:00,2026-01-03,ExPost,CWLP.AZ,5,35.4,-0.8,-1.3
2026-01-03 05:10:00,2026-01-03,ExPost,ILLINOIS.HUB,5,38.83,-1.72,-0.62
2026-01-03 05:10:00,2026-01-03,ExPost,PSI_GEN.AGG,5,33.53,-0.1,-1.49
2026-01-03 05:10:00,2026-01-03,ExPost,MINN.HUB,5,33.13,-1.47,-1.96
2026-01-03 05:15:00,2026-01-03,ExPost,MEC.MECB,5,40.32,2.54,-1.75
2026-01-03 05:15:00,2026-01-03,ExPost,CWLP.AZ,5,35.39,-5.19,-3.74
2026-01-03 05:15:00,2026-01-03,ExPost,ILLINOIS.HUB,5,35.34,-2.37,1.95
2026-01-03 05:15:00,2026-01-03,ExPost,PSI_GEN.AGG,5,35.59,1.58,-1.35
2026-01-03 05:15:00,2026-01-03,ExPost,MINN.HUB,5,35.09,-1.18,-1.49
2026-01-03 05:20:00,2026-01-03,ExPost,MEC.MECB,5,45.3,-5.64,-6.5
2026-01-03 05:20:00,2026-01-03,ExPost,CWLP.AZ,5,34.64,-0.97,0.23
2026-01-03 05:20:00,2026-01-03,ExPost,ILLINOIS.HUB,5,37.18,-1.77,1.05
2026-01-03 05:20:00,2026-01-03,ExPost,PSI_GEN.AGG,5,38.58,-0.63,0.91
2026-01-03 05:20:00,2026-01-03,ExPost,MINN.HUB,5,35.68,-2.12,0.24
2026-01-03 05:25:00,2026-01-03,ExPost,MEC.MECB,5,41.28,-1.0,2.18
2026-01-03 05:25:00,2026-01-03,ExPost,CWLP.AZ,5,29.87,-3.84,-4.47
2026-01-03 05:25:00,2026-01-03,ExPost,ILLINOIS.HUB,5,35.09,-1.51,-5.27
2026-01-03 05:25:00,2026-01-03,ExPost,PSI_GEN.AGG,5,33.54,-2.72,4.64
2026-01-03 05:25:00,2026-01-03,ExPost,MINN.HUB,5,39.5,-1.82,-2.41
2026-01-03 05:30:00,2026-01-03,ExPost,MEC.MECB,5,38.13,-4.82,-1.79
2026-01-03 05:30:00,2026-01-03,ExPost,CWLP.AZ,5,33.51,-1.17,-5.5
2026-01-03 05:30:00,2026-01-03,ExPost,ILLINOIS.HUB,5,34.1,-0.7,-0.58
2026-01-03 05:30:00,2026-01-03,ExPost,PSI_GEN.AGG,5,37.04,-3.64,0.64
2026-01-03 05:30:00,2026-01-03,ExPost,MINN.HUB,5,33.0,0.27,-1.53
2026-01-03 05:35:00,2026-01-03,ExPost,MEC.MECB,5,37.56,-1.63,-0.59
2026-01-03 05:35:00,2026-01-03,ExPost,CWLP.AZ,5,37.53,-1.28,2.33
2026-01-03 05:35:00,2026-01-03,ExPost,ILLINOIS.HUB,5,38.52,-1.51,0.38
2026-01-03 05:35:00,2026-01-03,ExPost,PSI_GEN.AGG,5,40.83,2.92,-4.57
2026-01-03 05:35:00,2026-01-03,ExPost,MINN.HUB,5,32.68,1.97,-4.15
2026-01-03 05:40:00,2026-01-03,ExPost,MEC.MECB,5,37.69,-1.97,-0.45
2026-01-03 05:40:00,2026-01-03,ExPost,CWLP.AZ,5,35.74,-2.3,-3.19
2026-01-03 05:40:00,2026-01-03,ExPost,ILLINOIS.HUB,5,34.22,-2.76,4.2
2026-01-03 05:40:00,2026-01-03,ExPost,PSI_GEN.AGG,5,36.74,0.77,-2.72
2026-01-03 05:40:00,2026-01-03,ExPost,MINN.HUB,5,34.54,-2.43,-8.13
2026-01-03 05:45:00,2026-01-03,ExPost,MEC.MECB,5,37.55,-4.62,-7.12
2026-01-03 05:45:00,2026-01-03,ExPost,CWLP.AZ,5,33.01,1.65,-1.61
2026-01-03 05:45:00,2026-01-03,ExPost,ILLINOIS.HUB,5,39.23,-0.18,0.46
2026-01-03 05:45:00,2026-01-03,ExPost,PSI_GEN.AGG,5,33.75,0.05,0.32
2026-01-03 05:45:00,2026-01-03,ExPost,MINN.HUB,5,33.56,0.12,-0.08
2026-01-03 05:50:00,2026-01-03,ExPost,MEC.MECB,5,39.63,-3.25,-4.46
2026-01-03 05:50:00,2026-01-03,ExPost,CWLP.AZ,5,36.22,-0.35,-3.48
2026-01-03 05:50:00,2026-01-03,ExPost,ILLINOIS.HUB,5,36.07,0.14,0.05
2026-01-03 05:50:00,2026-01-03,ExPost,PSI_GEN.AGG,5,39.88,1.55,-4.0
2026-01-03 05:50:00,2026-01-03,ExPost,MINN.HUB,5,39.21,-2.06,1.11
2026-01-03 05:55:00,2026-01-03,ExPost,MEC.MECB,5,41.17,-1.82,-6.02
2026-01-03 05:55:00,2026-01-03,ExPost,CWLP.AZ,5,35.57,-4.12,0.92
2026-01-03 05:55:00,2026-01-03,ExPost,ILLINOIS.HUB,5,39.79,-2.59,-0.75
2026-01-03 05:55:00,2026-01-03,ExPost,PSI_GEN.AGG,5,34.19,-2.26,0.44
2026-01-03 05:55:00,2026-01-03,ExPost,MINN.HUB,5,34.9,2.48,-2.71
2026-01-03 06:00:00,2026-01-03,ExPost,MEC.MECB,6,43.5,-0.81,0.49
2026-01-03 06:00:00,2026-01-03,ExPost,CWLP.AZ,6,34.88,-1.1,-1.79
2026-01-03 06:00:00,2026-01-03,ExPost,ILLINOIS.HUB,6,33.91,0.32,0.13
2026-01-03 06:00:00,2026-01-03,ExPost,PSI_GEN.AGG,6,37.48,2.07,2.12
2026-01-03 06:00:00,2026-01-03,ExPost,MINN.HUB,6,34.06,-0.25,-3.06
2026-01-03 06:05:00,2026-01-03,ExPost,MEC.MECB,6,41.06,-2.2,2.55
2026-01-03 06:05:00,2026-01-03,ExPost,CWLP.AZ,6,36.91,-1.44,1.48
2026-01-03 06:05:00,2026-01-03,ExPost,ILLINOIS.HUB,6,30.57,-5.03,0.49
2026-01-03 06:05:00,2026-01-03,ExPost,PSI_GEN.AGG,6,36.15,-0.5,-4.82
2026-01-03 06:05:00,2026-01-03,ExPost,MINN.HUB,6,34.94,3.01,0.56
2026-01-03 06:10:00,2026-01-03,ExPost,MEC.MECB,6,41.42,-1.88,-2.49
2026-01-03 06:10:00,2026-01-03,ExPost,CWLP.AZ,6,30.68,-0.48,0.61
2026-01-03 06:10:00,2026-01-03,ExPost,ILLINOIS.HUB,6,32.06,-2.32,-4.39
2026-01-03 06:10:00,2026-01-03,ExPost,PSI_GEN.AGG,6,33.59,-0.89,-6.71
2026-01-03 06:10:00,2026-01-03,ExPost,MINN.HUB,6,36.54,0.51,-2.13
2026-01-03 06:15:00,2026-01-03,ExPost,MEC.MECB,6,34.8,-2.99,1.58
2026-01-03 06:15:00,2026-01-03,ExPost,CWLP.AZ,6,29.06,-1.7,-4.45
2026-01-03 06:15:00,2026-01-03,ExPost,ILLINOIS.HUB,6,38.01,-2.35,-0.49
2026-01-03 06:15:00,2026-01-03,ExPost,PSI_GEN.AGG,6,37.41,2.67,-2.01
2026-01-03 06:15:00,2026-01-03,ExPost,MINN.HUB,6,35.94,-3.97,1.48
2026-01-03 06:20:00,2026-01-03,ExPost,MEC.MECB,6,39.1,-2.12,-1.56
2026-01-03 06:20:00,2026-01-03,ExPost,CWLP.AZ,6,32.09,-0.54,0.92
2026-01-03 06:20:00,2026-01-03,ExPost,ILLINOIS.HUB,6,36.73,-4.18,-1.81
2026-01-03 06:20:00,2026-01-03,ExPost,PSI_GEN.AGG,6,37.86,-4.76,-4.19
2026-01-03 06:20:00,2026-01-03,ExPost,MINN.HUB,6,37.19,-0.46,-0.47
2026-01-03 06:25:00,2026-01-03,ExPost,MEC.MECB,6,45.65,-0.06,0.14
2026-01-03 06:25:00,2026-01-03,ExPost,CWLP.AZ,6,42.78,-1.43,-3.49
2026-01-03 06:25:00,2026-01-03,ExPost,ILLINOIS.HUB,6,37.07,-0.12,-2.82
2026-01-03 06:25:00,2026-01-03,ExPost,PSI_GEN.AGG,6,33.42,3.62,-0.68
2026-01-03 06:25:00,2026-01-03,ExPost,MINN.HUB,6,33.17,0.83,-1.77
2026-01-03 06:30:00,2026-01-03,ExPost,MEC.MECB,6,40.37,0.12,-4.73
2026-01-03 06:30:00,2026-01-03,ExPost,CWLP.AZ,6,36.88,2.83,-0.33
2026-01-03 06:30:00,2026-01-03,ExPost,ILLINOIS.HUB,6,35.06,-2.01,-2.53
2026-01-03 06:30:00,2026-01-03,ExPost,PSI_GEN.AGG,6,35.37,-1.76,0.79
2026-01-03 06:30:00,2026-01-03,ExPost,MINN.HUB,6,30.67,0.72,-2.45
2026-01-03 06:35:00,2026-01-03,ExPost,MEC.MECB,6,41.94,-3.25,1.82
2026-01-03 06:35:00,2026-01-03,ExPost,CWLP.AZ,6,39.11,0.92,-5.29
2026-01-03 06:35:00,2026-01-03,ExPost,ILLINOIS.HUB,6,38.07,-0.19,-5.51
2026-01-03 06:35:00,2026-01-03,ExPost,PSI_GEN.AGG,6,35.94,-0.27,-0.11
2026-01-03 06:35:00,2026-01-03,ExPost,MINN.HUB,6,35.44,-0.42,2.18
2026-01-03 06:40:00,2026-01-03,ExPost,MEC.MECB,6,44.07,-6.73,-2.29
2026-01-03 06:40:00,2026-01-03,ExPost,CWLP.AZ,6,35.59,-4.5,-1.26
2026-01-03 06:40:00,2026-01-03,ExPost,ILLINOIS.HUB,6,39.12,-3.17,-0.66
2026-01-03 06:40:00,2026-01-03,ExPost,PSI_GEN.AGG,6,33.71,-2.34,2.19
2026-01-03 06:40:00,2026-01-03,ExPost,MINN.HUB,6,33.64,-0.08,-6.18
2026-01-03 06:45:00,2026-01-03,ExPost,MEC.MECB,6,45.66,0.21,-1.96
2026-01-03 06:45:00,2026-01-03,ExPost,CWLP.AZ,6,37.44,-3.82,1.46
2026-01-03 06:45:00,2026-01-03,ExPost,ILLINOIS.HUB,6,35.19,-1.41,-2.73
2026-01-03 06:45:00,2026-01-03,ExPost,PSI_GEN.AGG,6,34.55,0.39,-0.86
2026-01-03 06:45:00,2026-01-03,ExPost,MINN.HUB,6,36.63,-1.02,-0.22
2026-01-03 06:50:00,2026-01-03,ExPost,MEC.MECB,6,39.95,3.46,-5.42
2026-01-03 06:50:00,2026-01-03,ExPost,CWLP.AZ,6,39.15,1.74,-3.63
2026-01-03 06:50:00,2026-01-03,ExPost,ILLINOIS.HUB,6,41.57,0.99,0.93
2026-01-03 06:50:00,2026-01-03,ExPost,PSI_GEN.AGG,6,36.07,-1.43,-2.02
2026-01-03 06:50:00,2026-01-03,ExPost,MINN.HUB,6,35.98,1.8,-1.05
2026-01-03 06:55:00,2026-01-03,ExPost,MEC.MECB,6,38.72,0.65,0.8
2026-01-03 06:55:00,2026-01-03,ExPost,CWLP.AZ,6,37.64,0.49,-2.18
2026-01-03 06:55:00,2026-01-03,ExPost,ILLINOIS.HUB,6,33.68,-2.74,-5.59
2026-01-03 06:55:00,2026-01-03,ExPost,PSI_GEN.AGG,6,36.59,-1.17,-2.6
2026-01-03 06:55:00,2026-01-03,ExPost,MINN.HUB,6,27.61,-3.49,1.3
2026-01-03 07:00:00,2026-01-03,ExPost,MEC.MECB,7,39.34,-0.28,-4.98
2026-01-03 07:00:00,2026-01-03,ExPost,CWLP.AZ,7,39.6,-1.29,-0.77
2026-01-03 07:00:00,2026-01-03,ExPost,ILLINOIS.HUB,7,41.81,2.03,-2.27
2026-01-03 07:00:00,2026-01-03,ExPost,PSI_GEN.AGG,7,34.52,-1.65,-0.23
2026-01-03 07:00:00,2026-01-03,ExPost,MINN.HUB,7,34.74,-1.79,2.17
2026-01-03 07:05:00,2026-01-03,ExPost,MEC.MECB,7,40.71,3.6,-1.27
2026-01-03 07:05:00,2026-01-03,ExPost,CWLP.AZ,7,40.46,-0.29,0.91
2026-01-03 07:05:00,2026-01-03,ExPost,ILLINOIS.HUB,7,34.19,-2.71,-0.35
2026-01-03 07:05:00,2026-01-03,ExPost,PSI_GEN.AGG,7,38.47,-0.92,-4.72
2026-01-03 07:05:00,2026-01-03,ExPost,MINN.HUB,7,31.6,-3.85,-5.92
2026-01-03 07:10:00,2026-01-03,ExPost,MEC.MECB,7,41.27,1.25,-1.53
2026-01-03 07:10:00,2026-01-03,ExPost,CWLP.AZ,7,30.35,-1.38,-1.91
2026-01-03 07:10:00,2026-01-03,ExPost,ILLINOIS.HUB,7,41.24,-3.91,-2.48
2026-01-03 07:10:00,2026-01-03,ExPost,PSI_GEN.AGG,7,40.26,-0.1,-0.09
2026-01-03 07:10:00,2026-01-03,ExPost,MINN.HUB,7,35.29,-0.34,0.44
2026-01-03 07:15:00,2026-01-03,ExPost,MEC.MECB,7,38.98,0.76,-4.93
2026-01-03 07:15:00,2026-01-03,ExPost,CWLP.AZ,7,36.82,-0.64,-3.04
2026-01-03 07:15:00,2026-01-03,ExPost,ILLINOIS.HUB,7,35.94,-2.25,-4.18
2026-01-03 07:15:00,2026-01-03,ExPost,PSI_GEN.AGG,7,35.12,-3.21,-0.69
2026-01-03 07:15:00,2026-01-03,ExPost,MINN.HUB,7,32.12,0.42,-4.45
2026-01-03 07:20:00,2026-01-03,ExPost,MEC.MECB,7,39.58,-2.25,1.81
2026-01-03 07:20:00,2026-01-03,ExPost,CWLP.AZ,7,36.83,-1.42,-0.25
2026-01-03 07:20:00,2026-01-03,ExPost,ILLINOIS.HUB,7,30.73,-1.09,3.49
2026-01-03 07:20:00,2026-01-03,ExPost,PSI_GEN.AGG,7,36.33,-0.86,-0.13
2026-01-03 07:20:00,2026-01-03,ExPost,MINN.HUB,7,37.24,-4.99,-5.71
2026-01-03 07:25:00,2026-01-03,ExPost,MEC.MECB,7,41.53,-2.43,1.78
2026-01-03 07:25:00,2026-01-03,ExPost,CWLP.AZ,7,35.21,-4.87,-4.67
2026-01-03 07:25:00,2026-01-03,ExPost,ILLINOIS.HUB,7,29.13,-1.47,-1.97
2026-01-03 07:25:00,2026-01-03,ExPost,PSI_GEN.AGG,7,34.94,1.16,1.5
2026-01-03 07:25:00,2026-01-03,ExPost,MINN.HUB,7,34.57,-5.27,0.04
2026-01-03 07:30:00,2026-01-03,ExPost,MEC.MECB,7,42.39,-0.38,0.95
2026-01-03 07:30:00,2026-01-03,ExPost,CWLP.AZ,7,33.09,3.02,-3.9
2026-01-03 07:30:00,2026-01-03,ExPost,ILLINOIS.HUB,7,37.87,-4.37,-3.83
2026-01-03 07:30:00,2026-01-03,ExPost,PSI_GEN.AGG,7,39.79,-1.52,0.6
2026-01-03 07:30:00,2026-01-03,ExPost,MINN.HUB,7,35.59,-1.21,1.91
2026-01-03 07:35:00,2026-01-03,ExPost,MEC.MECB,7,40.41,-4.56,-3.51
2026-01-03 07:35:00,2026-01-03,ExPost,CWLP.AZ,7,37.38,-0.21,-5.42
2026-01-03 07:35:00,2026-01-03,ExPost,ILLINOIS.HUB,7,34.19,-2.16,-2.41
2026-01-03 07:35:00,2026-01-03,ExPost,PSI_GEN.AGG,7,32.56,-2.26,-3.32
2026-01-03 07:35:00,2026-01-03,ExPost,MINN.HUB,7,36.93,0.62,-1.86
2026-01-03 07:40:00,2026-01-03,ExPost,MEC.MECB,7,40.02,-0.72,-3.54
2026-01-03 07:40:00,2026-01-03,ExPost,CWLP.AZ,7,33.13,-2.88,-3.09
2026-01-03 07:40:00,2026-01-03,ExPost,ILLINOIS.HUB,7,33.09,-0.68,0.32
2026-01-03 07:40:00,2026-01-03,ExPost,PSI_GEN.AGG,7,32.03,-0.95,-2.05
2026-01-03 07:40:00,2026-01-03,ExPost,MINN.HUB,7,35.85,-1.03,-5.13
2026-01-03 07:45:00,2026-01-03,ExPost,MEC.MECB,7,37.84,-0.94,1.07
2026-01-03 07:45:00,2026-01-03,ExPost,CWLP.AZ,7,30.46,-0.31,1.47
2026-01-03 07:45:00,2026-01-03,ExPost,ILLINOIS.HUB,7,35.62,0.1,-3.26
2026-01-03 07:45:00,2026-01-03,ExPost,PSI_GEN.AGG,7,35.7,-4.24,-7.36
2026-01-03 07:45:00,2026-01-03,ExPost,MINN.HUB,7,37.36,-2.97,-2.64
2026-01-03 07:50:00,2026-01-03,ExPost,MEC.MECB,7,37.53,-3.82,-1.93
2026-01-03 07:50:00,2026-01-03,ExPost,CWLP.AZ,7,34.18,-0.24,-0.37
2026-01-03 07:50:00,2026-01-03,ExPost,ILLINOIS.HUB,7,36.8,-0.52,2.44
2026-01-03 07:50:00,2026-01-03,ExPost,PSI_GEN.AGG,7,33.33,-1.11,1.33
2026-01-03 07:50:00,2026-01-03,ExPost,MINN.HUB,7,38.16,-3.84,-2.28
2026-01-03 07:55:00,2026-01-03,ExPost,MEC.MECB,7,44.4,0.02,-1.01
2026-01-03 07:55:00,2026-01-03,ExPost,CWLP.AZ,7,35.46,-1.77,-0.78
2026-01-03 07:55:00,2026-01-03,ExPost,ILLINOIS.HUB,7,35.37,-1.09,-1.3
2026-01-03 07:55:00,2026-01-03,ExPost,PSI_GEN.AGG,7,34.3,0.06,5.79
2026-01-03 07:55:00,2026-01-03,ExPost,MINN.HUB,7,30.56,-0.35,-3.4
2026-01-03 08:00:00,2026-01-03,ExPost,MEC.MECB,8,42.44,-0.91,0.4
2026-01-03 08:00:00,2026-01-03,ExPost,CWLP.AZ,8,38.94,-0.62,1.33
2026-01-03 08:00:00,2026-01-03,ExPost,ILLINOIS.HUB,8,30.14,2.18,-0.56
2026-01-03 08:00:00,2026-01-03,ExPost,PSI_GEN.AGG,8,38.69,-3.44,-3.58
2026-01-03 08:00:00,2026-01-03,ExPost,MINN.HUB,8,35.36,-1.03,-0.79
2026-01-03 08:05:00,2026-01-03,ExPost,MEC.MECB,8,43.71,-4.53,0.93
2026-01-03 08:05:00,2026-01-03,ExPost,CWLP.AZ,8,36.02,-1.41,-5.18
2026-01-03 08:05:00,2026-01-03,ExPost,ILLINOIS.HUB,8,37.26,-5.83,0.12
2026-01-03 08:05:00,2026-01-03,ExPost,PSI_GEN.AGG,8,32.27,-0.89,-1.8
2026-01-03 08:05:00,2026-01-03,ExPost,MINN.HUB,8,37.92,-1.36,-3.24
2026-01-03 08:10:00,2026-01-03,ExPost,MEC.MECB,8,39.73,1.55,-0.16
2026-01-03 08:10:00,2026-01-03,ExPost,CWLP.AZ,8,35.04,-1.47,-5.42
2026-01-03 08:10:00,2026-01-03,ExPost,ILLINOIS.HUB,8,36.97,-4.52,0.38
2026-01-03 08:10:00,2026-01-03,ExPost,PSI_GEN.AGG,8,36.32,3.77,-4.25
2026-01-03 08:10:00,2026-01-03,ExPost,MINN.HUB,8,34.74,2.6,1.48
2026-01-03 08:15:00,2026-01-03,ExPost,MEC.MECB,8,39.26,-0.55,-1.5
2026-01-03 08:15:00,2026-01-03,ExPost,CWLP.AZ,8,36.7,-2.4,-1.72
2026-01-03 08:15:00,2026-01-03,ExPost,ILLINOIS.HUB,8,32.0,-0.73,-0.37
2026-01-03 08:15:00,2026-01-03,ExPost,PSI_GEN.AGG,8,35.43,-4.23,0.97
2026-01-03 08:15:00,2026-01-03,ExPost,MINN.HUB,8,35.91,-2.45,-2.2
2026-01-03 08:20:00,2026-01-03,ExPost,MEC.MECB,8,37.25,-3.05,-2.84
2026-01-03 08:20:00,2026-01-03,ExPost,CWLP.AZ,8,39.07,-2.28,0.1
2026-01-03 08:20:00,2026-01-03,ExPost,ILLINOIS.HUB,8,34.65,-0.5,-1.85
2026-01-03 08:20:00,2026-01-03,ExPost,PSI_GEN.AGG,8,38.18,-2.07,-5.43
2026-01-03 08:20:00,2026-01-03,ExPost,MINN.HUB,8,31.55,-2.06,-4.62
2026-01-03 08:25:00,2026-01-03,ExPost,MEC.MECB,8,42.03,-1.93,4.44
2026-01-03 08:25:00,2026-01-03,ExPost,CWLP.AZ,8,31.66,-0.59,-4.32
2026-01-03 08:25:00,2026-01-03,ExPost,ILLINOIS.HUB,8,34.77,-0.72,-7.31
2026-01-03 08:25:00,2026-01-03,ExPost,PSI_GEN.AGG,8,36.59,2.81,-2.63
2026-01-03 08:25:00,2026-01-03,ExPost,MINN.HUB,8,35.65,1.05,-1.91
2026-01-03 08:30:00,2026-01-03,ExPost,MEC.MECB,8,39.55,-5.55,0.1
2026-01-03 08:30:00,2026-01-03,ExPost,CWLP.AZ,8,35.72,-3.03,-1.18
2026-01-03 08:30:00,2026-01-03,ExPost,ILLINOIS.HUB,8,34.54,-2.06,0.02
2026-01-03 08:30:00,2026-01-03,ExPost,PSI_GEN.AGG,8,32.65,1.09,-4.99
2026-01-03 08:30:00,2026-01-03,ExPost,MINN.HUB,8,33.34,2.85,1.32
2026-01-03 08:35:00,2026-01-03,ExPost,MEC.MECB,8,41.24,-2.88,-2.82
2026-01-03 08:35:00,2026-01-03,ExPost,CWLP.AZ,8,36.18,-0.92,-1.73
2026-01-03 08:35:00,2026-01-03,ExPost,ILLINOIS.HUB,8,35.92,-1.43,-5.1
2026-01-03 08:35:00,2026-01-03,ExPost,PSI_GEN.AGG,8,34.71,0.83,-4.92
2026-01-03 08:35:00,2026-01-03,ExPost,MINN.HUB,8,34.53,-2.64,-1.22
2026-01-03 08:40:00,2026-01-03,ExPost,MEC.MECB,8,40.03,1.95,-0.23
2026-01-03 08:40:00,2026-01-03,ExPost,CWLP.AZ,8,32.72,0.34,-3.44
2026-01-03 08:40:00,2026-01-03,ExPost,ILLINOIS.HUB,8,34.56,-0.37,-2.73
2026-01-03 08:40:00,2026-01-03,ExPost,PSI_GEN.AGG,8,38.23,-2.55,-3.05
2026-01-03 08:40:00,2026-01-03,ExPost,MINN.HUB,8,33.36,-2.13,1.25
2026-01-03 08:45:00,2026-01-03,ExPost,MEC.MECB,8,42.57,2.42,4.17
2026-01-03 08:45:00,2026-01-03,ExPost,CWLP.AZ,8,33.42,-0.86,-4.44
2026-01-03 08:45:00,2026-01-03,ExPost,ILLINOIS.HUB,8,34.06,-2.26,-4.14
2026-01-03 08:45:00,2026-01-03,ExPost,PSI_GEN.AGG,8,33.37,-1.29,-4.54
2026-01-03 08:45:00,2026-01-03,ExPost,MINN.HUB,8,37.11,-2.84,5.52
2026-01-03 08:50:00,2026-01-03,ExPost,MEC.MECB,8,39.87,-0.86,-4.74
2026-01-03 08:50:00,2026-01-03,ExPost,CWLP.AZ,8,40.27,1.24,-0.76
2026-01-03 08:50:00,2026-01-03,ExPost,ILLINOIS.HUB,8,32.63,-0.58,-4.3
2026-01-03 08:50:00,2026-01-03,ExPost,PSI_GEN.AGG,8,39.66,0.62,-1.26
2026-01-03 08:50:00,2026-01-03,ExPost,MINN.HUB,8,28.91,-2.97,0.22
2026-01-03 08:55:00,2026-01-03,ExPost,MEC.MECB,8,44.03,1.22,-5.48
2026-01-03 08:55:00,2026-01-03,ExPost,CWLP.AZ,8,36.75,1.03,-5.65
2026-01-03 08:55:00,2026-01-03,ExPost,ILLINOIS.HUB,8,35.98,-0.45,-2.25
2026-01-03 08:55:00,2026-01-03,ExPost,PSI_GEN.AGG,8,31.37,-1.65,-2.32
2026-01-03 08:55:00,2026-01-03,ExPost,MINN.HUB,8,34.63,-2.13,-2.61
2026-01-03 09:00:00,2026-01-03,ExPost,MEC.MECB,9,40.9,-0.12,-2.26
2026-01-03 09:00:00,2026-01-03,ExPost,CWLP.AZ,9,34.98,-0.82,-6.3
2026-01-03 09:00:00,2026-01-03,ExPost,ILLINOIS.HUB,9,37.19,-1.0,-1.4
2026-01-03 09:00:00,2026-01-03,ExPost,PSI_GEN.AGG,9,38.4,-4.91,-6.43
2026-01-03 09:00:00,2026-01-03,ExPost,MINN.HUB,9,35.68,-1.01,-1.07
2026-01-03 09:05:00,2026-01-03,ExPost,MEC.MECB,9,39.84,0.33,0.83
2026-01-03 09:05:00,2026-01-03,ExPost,CWLP.AZ,9,37.21,-1.52,-6.77
2026-01-03 09:05:00,2026-01-03,ExPost,ILLINOIS.HUB,9,37.92,1.44,0.11
2026-01-03 09:05:00,2026-01-03,ExPost,PSI_GEN.AGG,9,33.8,0.35,0.65
2026-01-03 09:05:00,2026-01-03,ExPost,MINN.HUB,9,38.9,-2.75,-2.07
2026-01-03 09:10:00,2026-01-03,ExPost,MEC.MECB,9,42.87,-0.89,-4.29
2026-01-03 09:10:00,2026-01-03,ExPost,CWLP.AZ,9,37.04,0.16,-1.28
2026-01-03 09:10:00,2026-01-03,ExPost,ILLINOIS.HUB,9,36.55,-1.52,2.2
2026-01-03 09:10:00,2026-01-03,ExPost,PSI_GEN.AGG,9,33.75,-2.17,-1.47
2026-01-03 09:10:00,2026-01-03,ExPost,MINN.HUB,9,37.2,-3.99,-4.78
2026-01-03 09:15:00,2026-01-03,ExPost,MEC.MECB,9,35.91,-0.93,-4.3
2026-01-03 09:15:00,2026-01-03,ExPost,CWLP.AZ,9,35.04,0.32,-3.1
2026-01-03 09:15:00,2026-01-03,ExPost,ILLINOIS.HUB,9,36.58,-1.6,0.18
2026-01-03 09:15:00,2026-01-03,ExPost,PSI_GEN.AGG,9,37.19,-2.38,-1.92
2026-01-03 09:15:00,2026-01-03,ExPost,MINN.HUB,9,37.61,-0.21,-4.99
2026-01-03 09:20:00,2026-01-03,ExPost,MEC.MECB,9,42.64,-3.17,2.03
2026-01-03 09:20:00,2026-01-03,ExPost,CWLP.AZ,9,38.56,-0.42,-1.11
2026-01-03 09:20:00,2026-01-03,ExPost,ILLINOIS.HUB,9,35.48,0.36,-2.43
2026-01-03 09:20:00,2026-01-03,ExPost,PSI_GEN.AGG,9,36.59,0.74,-2.9
2026-01-03 09:20:00,2026-01-03,ExPost,MINN.HUB,9,33.46,-3.39,-4.16
2026-01-03 09:25:00,2026-01-03,ExPost,MEC.MECB,9,36.43,0.46,3.02
2026-01-03 09:25:00,2026-01-03,ExPost,CWLP.AZ,9,39.56,-4.25,0.31
2026-01-03 09:25:00,2026-01-03,ExPost,ILLINOIS.HUB,9,39.56,-1.91,-1.25
2026-01-03 09:25:00,2026-01-03,ExPost,PSI_GEN.AGG,9,30.98,-0.47,-4.16
2026-01-03 09:25:00,2026-01-03,ExPost,MINN.HUB,9,35.5,-4.12,-0.14
2026-01-03 09:30:00,2026-01-03,ExPost,MEC.MECB,9,43.56,-2.57,-4.34
2026-01-03 09:30:00,2026-01-03,ExPost,CWLP.AZ,9,30.61,-1.53,-2.95
2026-01-03 09:30:00,2026-01-03,ExPost,ILLINOIS.HUB,9,32.12,-0.09,-2.62
2026-01-03 09:30:00,2026-01-03,ExPost,PSI_GEN.AGG,9,33.31,-2.11,1.18
2026-01-03 09:30:00,2026-01-03,ExPost,MINN.HUB,9,36.51,-1.26,0.05
2026-01-03 09:35:00,2026-01-03,ExPost,MEC.MECB,9,38.1,-0.94,-1.13
2026-01-03 09:35:00,2026-01-03,ExPost,CWLP.AZ,9,34.83,-0.13,-3.45
2026-01-03 09:35:00,2026-01-03,ExPost,ILLINOIS.HUB,9,37.27,0.1,-8.79
2026-01-03 09:35:00,2026-01-03,ExPost,PSI_GEN.AGG,9,38.98,-7.1,-3.04
2026-01-03 09:35:00,2026-01-03,ExPost,MINN.HUB,9,37.56,-1.63,-5.17
2026-01-03 09:40:00,2026-01-03,ExPost,MEC.MECB,9,38.27,1.05,-6.3
2026-01-03 09:40:00,2026-01-03,ExPost,CWLP.AZ,9,38.82,-1.11,-4.48
2026-01-03 09:40:00,2026-01-03,ExPost,ILLINOIS.HUB,9,34.54,-3.03,0.67
2026-01-03 09:40:00,2026-01-03,ExPost,PSI_GEN.AGG,9,37.83,-4.44,-2.51
2026-01-03 09:40:00,2026-01-03,ExPost,MINN.HUB,9,32.84,1.59,-4.88
2026-01-03 09:45:00,2026-01-03,ExPost,MEC.MECB,9,45.01,-1.07,-4.4
2026-01-03 09:45:00,2026-01-03,ExPost,CWLP.AZ,9,34.31,-2.6,-4.69
2026-01-03 09:45:00,2026-01-03,ExPost,ILLINOIS.HUB,9,36.24,-3.46,-6.95
2026-01-03 09:45:00,2026-01-03,ExPost,PSI_GEN.AGG,9,35.05,-4.61,-3.38
2026-01-03 09:45:00,2026-01-03,ExPost,MINN.HUB,9,32.73,-2.74,3.5
2026-01-03 09:50:00,2026-01-03,ExPost,MEC.MECB,9,41.14,-0.51,-5.94
2026-01-03 09:50:00,2026-01-03,ExPost,CWLP.AZ,9,34.37,-0.57,-4.06
2026-01-03 09:50:00,2026-01-03,ExPost,ILLINOIS.HUB,9,38.27,-3.41,-2.22
2026-01-03 09:50:00,2026-01-03,ExPost,PSI_GEN.AGG,9,34.53,-0.67,-3.1
2026-01-03 09:50:00,2026-01-03,ExPost,MINN.HUB,9,34.32,-1.47,-3.34
2026-01-03 09:55:00,2026-01-03,ExPost,MEC.MECB,9,42.21,-0.52,-1.72
2026-01-03 09:55:00,2026-01-03,ExPost,CWLP.AZ,9,34.92,0.59,-2.09
2026-01-03 09:55:00,2026-01-03,ExPost,ILLINOIS.HUB,9,35.23,-0.79,2.74
2026-01-03 09:55:00,2026-01-03,ExPost,PSI_GEN.AGG,9,32.65,0.54,-6.23
2026-01-03 09:55:00,2026-01-03,ExPost,MINN.HUB,9,35.54,2.15,-0.28
